transaction_id,product_id,customer_id,return_date,refund_amount
TX309063,PROD201103,CUST101149,2022-10-04,252.63
TX307451,PROD200988,CUST100457,2022-10-06,189.45
TX308370,PROD200361,CUST100410,2023-07-05,287.6
TX301857,PROD200932,CUST101207,2021-08-05,98.74
TX300247,PROD200558,CUST100530,2024-07-20,257.42
TX302105,PROD200203,CUST100027,2022-03-10,30.81
TX303433,PROD201479,CUST100601,2021-03-05,235.79
TX304036,PROD200473,CUST101465,2021-01-21,101.52
TX307200,PROD200445,CUST100268,2021-07-12,140.87
TX305988,PROD200232,CUST100214,2023-05-11,240.13
TX300921,PROD201041,CUST101222,2023-09-09,192.3
TX307482,PROD200220,CUST100717,2022-04-09,140.18
TX303750,PROD200996,CUST101427,2021-12-23,91.32
TX310231,PROD201787,CUST100668,2021-11-08,227.85
TX311279,PROD201737,CUST101147,2021-09-08,142.42
TX308270,PROD200876,CUST100791,2024-03-16,77.17
TX300191,PROD200767,CUST100318,2021-07-27,120.67
TX311139,PROD200431,CUST100620,2022-08-01,239.81
TX305705,PROD200370,CUST101285,2023-08-12,22.29
TX308388,PROD201695,CUST100799,2021-07-31,100.06
TX304160,PROD201182,CUST101121,2022-08-25,219.58
TX310619,PROD200521,CUST101205,2023-01-12,185.74
TX308810,PROD201531,CUST101343,2024-01-09,134.64
TX300694,PROD200482,CUST100262,2022-06-29,50.94
TX305746,PROD200451,CUST101029,2024-10-21,19.04
TX301428,PROD200165,CUST100617,2024-07-03,123.32
TX306195,PROD200486,CUST101224,2022-10-05,208.05
TX303488,PROD201383,CUST101053,2021-10-24,84.02
TX310932,PROD201386,CUST100160,2023-07-10,271.11
TX300863,PROD200973,CUST101203,2024-03-09,187.75
TX302338,PROD200627,CUST100190,2021-08-23,139.3
TX305768,PROD201367,CUST100629,2022-04-06,227.64
TX308120,PROD200548,CUST100847,2024-02-18,93.4
TX300752,PROD201297,CUST100433,2022-09-05,268.72
TX310746,PROD200633,CUST100292,2023-04-14,113.41
TX303361,PROD200593,CUST101374,2021-12-06,6.55
TX309368,PROD200440,CUST101280,2021-09-29,293.67
TX311748,PROD200601,CUST100206,2024-10-26,151.34
TX303158,PROD200237,CUST101365,2021-01-11,271.56
TX300175,PROD201701,CUST100874,2021-04-19,37.16
TX302820,PROD200592,CUST101205,2022-02-17,63.97
TX302115,PROD201014,CUST101320,2022-04-22,147.7
TX311012,PROD201690,CUST101080,2021-07-13,269.15
TX301389,PROD200546,CUST101485,2023-05-18,32.15
TX303576,PROD201484,CUST101104,2023-08-17,163.85
TX304142,PROD200010,CUST101042,2023-01-24,228.64
TX308399,PROD200381,CUST100618,2022-05-13,120.17
TX307246,PROD201248,CUST101250,2021-10-07,136.37
TX305502,PROD200233,CUST100491,2024-11-05,280.45
TX301477,PROD200206,CUST100295,2022-06-17,163.43
TX311287,PROD201002,CUST100370,2021-10-13,208.56
TX306057,PROD200687,CUST101105,2023-08-31,203.52
TX301140,PROD201759,CUST100172,2022-03-06,269.69
TX309912,PROD200532,CUST100514,2023-03-07,105.73
TX303210,PROD201364,CUST100526,2023-03-16,166.42
TX308684,PROD200960,CUST100118,2022-02-17,68.01
TX305926,PROD200914,CUST101404,2023-04-25,103.18
TX304175,PROD200889,CUST101499,2024-08-24,247.45
TX302644,PROD200712,CUST100239,2021-12-03,289.3
TX308872,PROD200248,CUST100433,2024-07-16,101.74
TX304475,PROD201125,CUST100720,2023-12-27,229.7
TX304106,PROD201375,CUST100184,2022-04-29,163.6
TX307366,PROD200527,CUST100402,2021-09-16,209.31
TX305514,PROD201007,CUST100370,2023-11-19,113.08
TX311709,PROD200744,CUST101382,2024-06-30,109.25
TX302020,PROD200692,CUST100811,2023-11-30,65.84
TX311102,PROD201763,CUST100955,2021-09-10,152.93
TX300885,PROD201500,CUST100131,2022-05-10,21.46
TX300577,PROD201703,CUST100158,2021-04-26,258.79
TX306372,PROD200432,CUST100541,2022-10-26,76.98
TX301074,PROD200864,CUST100073,2023-06-06,191.96
TX310964,PROD201173,CUST100542,2022-05-28,154.24
TX300021,PROD200992,CUST101412,2021-06-20,107.49
TX310582,PROD201214,CUST100767,2022-07-25,283.43
TX306499,PROD200302,CUST101266,2022-09-16,255.44
TX310589,PROD200063,CUST100089,2021-03-19,221.93
TX304038,PROD200764,CUST100649,2021-04-16,39.91
TX309817,PROD201409,CUST100494,2024-10-31,141.39
TX304006,PROD201035,CUST101220,2024-02-18,197.07
TX304444,PROD201741,CUST101085,2022-05-12,33.14
TX302474,PROD200221,CUST100474,2021-07-08,210.26
TX306356,PROD201719,CUST100753,2021-11-27,245.85
TX309319,PROD200638,CUST100433,2022-12-04,285.01
TX302836,PROD200299,CUST100193,2021-10-31,153.1
TX304344,PROD200897,CUST100775,2022-08-19,13.47
TX303045,PROD201202,CUST101490,2024-11-05,66.37
TX311668,PROD200271,CUST101097,2023-05-21,242.55
TX305948,PROD200507,CUST100134,2024-08-30,48.77
TX302277,PROD201300,CUST101059,2021-03-14,188.58
TX311166,PROD200882,CUST101003,2021-12-26,197.7
TX310301,PROD200350,CUST101385,2022-01-22,136.14
TX306879,PROD201331,CUST100357,2024-07-13,236.63
TX300588,PROD201133,CUST101138,2021-11-28,41.25
TX310068,PROD201505,CUST100822,2022-02-07,187.92
TX301010,PROD200265,CUST101238,2021-02-17,117.24
TX306069,PROD201391,CUST100354,2022-06-17,257.97
TX311021,PROD201390,CUST100023,2024-07-05,121.9
TX301529,PROD200983,CUST100121,2024-10-27,60.71
TX303639,PROD201753,CUST100789,2023-09-30,106.62
TX301137,PROD200164,CUST101360,2023-09-13,159.87
TX306705,PROD200055,CUST100490,2022-10-14,28.65
TX308106,PROD200720,CUST100746,2022-03-04,259.81
TX301903,PROD200327,CUST100763,2022-08-10,197.11
TX305280,PROD201490,CUST100737,2022-09-13,97.26
TX306606,PROD200042,CUST101040,2021-09-16,184.39
TX303498,PROD201690,CUST101334,2021-04-01,295.2
TX309576,PROD201699,CUST101274,2021-01-23,182.83
TX311849,PROD200499,CUST101189,2023-11-19,124.85
TX310581,PROD200964,CUST100738,2022-02-21,206.03
TX305062,PROD201786,CUST100503,2021-05-03,228.1
TX311675,PROD201752,CUST100016,2024-03-13,207.56
TX310895,PROD201260,CUST100446,2024-02-03,67.27
TX308209,PROD201562,CUST101159,2024-08-22,11.17
TX307155,PROD200168,CUST100295,2021-12-04,98.48
TX301733,PROD201285,CUST100199,2024-01-29,133.24
TX305830,PROD201471,CUST101099,2022-04-05,250.24
TX307523,PROD200787,CUST101185,2023-11-03,31.06
TX307888,PROD200685,CUST101274,2024-05-10,253.87
TX305363,PROD201057,CUST100019,2023-07-04,22.55
TX303351,PROD200684,CUST100441,2024-02-18,97.61
TX304665,PROD200324,CUST100418,2024-08-09,124.19
TX306376,PROD201294,CUST100289,2023-07-20,279.85
TX302586,PROD200662,CUST100430,2021-08-02,284.97
TX310033,PROD200200,CUST101180,2023-09-26,17.0
TX303877,PROD200772,CUST100527,2024-02-18,62.8
TX303685,PROD200914,CUST101046,2023-10-02,137.22
TX304086,PROD200596,CUST100372,2024-06-21,85.36
TX304095,PROD200318,CUST100379,2023-01-31,286.24
TX309915,PROD200219,CUST101432,2021-09-04,185.59
TX310824,PROD200786,CUST100907,2022-02-18,101.33
TX302784,PROD201725,CUST100798,2022-09-18,181.92
TX306698,PROD201445,CUST101433,2023-02-18,203.96
TX300091,PROD200210,CUST100024,2024-09-25,257.7
TX305646,PROD201380,CUST100900,2024-03-31,266.82
TX305094,PROD201574,CUST100864,2024-05-17,129.26
TX310103,PROD200096,CUST101119,2021-01-15,228.72
TX305603,PROD200798,CUST100515,2023-12-27,292.18
TX307324,PROD201361,CUST100955,2023-10-22,162.47
TX309178,PROD200210,CUST100117,2024-06-03,220.83
TX308486,PROD200954,CUST100305,2024-03-24,149.21
TX307234,PROD200717,CUST100927,2023-06-24,117.88
TX310097,PROD200974,CUST100086,2023-05-21,65.0
TX309602,PROD201367,CUST101446,2021-03-24,31.9
TX300783,PROD200594,CUST100612,2024-01-17,100.73
TX303350,PROD200971,CUST101486,2024-03-19,109.64
TX309682,PROD201781,CUST100573,2024-09-07,173.14
TX311152,PROD201581,CUST100313,2022-07-12,202.8
TX305479,PROD201213,CUST101316,2022-11-11,214.68
TX310792,PROD200360,CUST100024,2023-06-14,231.9
TX305084,PROD200309,CUST101245,2022-05-11,173.82
TX300307,PROD200720,CUST100663,2021-04-08,156.09
TX309253,PROD200417,CUST100564,2021-12-18,185.45
TX302350,PROD201160,CUST100672,2021-10-14,212.25
TX300601,PROD200330,CUST100912,2022-03-28,254.44
TX306440,PROD200321,CUST101292,2024-06-03,79.3
TX309340,PROD200894,CUST100138,2023-12-11,258.42
TX302981,PROD201289,CUST101489,2021-02-06,63.4
TX310174,PROD200151,CUST100232,2023-06-29,10.13
TX306961,PROD201795,CUST100264,2023-09-08,240.02
TX309108,PROD201012,CUST100834,2022-01-30,73.07
TX305068,PROD201409,CUST100241,2024-07-12,252.37
TX307808,PROD200331,CUST101106,2024-08-02,110.24
TX303844,PROD201703,CUST101343,2023-05-27,109.09
TX300094,PROD201682,CUST100938,2022-10-03,261.57
TX304196,PROD200939,CUST101139,2023-07-11,228.87
TX301291,PROD201084,CUST100254,2021-04-16,22.21
TX300997,PROD200991,CUST100776,2024-09-20,283.57
TX304886,PROD201142,CUST101368,2021-10-08,66.47
TX304745,PROD200484,CUST100885,2023-04-29,201.64
TX307049,PROD200941,CUST100237,2021-04-13,282.46
TX307226,PROD201336,CUST100286,2021-11-10,253.5
TX301089,PROD201451,CUST100905,2022-01-18,149.05
TX304856,PROD201590,CUST100679,2021-05-18,284.4
TX303995,PROD200195,CUST100110,2023-12-14,207.29
TX309381,PROD201387,CUST101498,2021-01-27,78.73
TX309765,PROD200725,CUST100043,2021-11-26,289.46
TX311116,PROD200263,CUST101027,2022-11-09,172.33
TX306344,PROD201032,CUST100691,2021-11-19,100.09
TX311346,PROD201571,CUST100991,2021-06-05,133.19
TX310515,PROD200715,CUST101210,2021-06-14,62.22
TX307201,PROD200931,CUST100625,2023-05-11,174.19
TX310050,PROD200043,CUST101474,2023-05-31,172.17
TX307065,PROD201499,CUST100662,2022-05-14,52.09
TX306349,PROD200371,CUST100782,2024-06-26,127.37
TX303545,PROD201546,CUST100849,2022-08-21,83.56
TX311800,PROD201713,CUST100591,2022-02-20,269.19
TX307824,PROD200485,CUST100937,2023-04-18,62.48
TX306155,PROD200700,CUST100731,2021-01-31,184.47
TX307383,PROD200633,CUST100052,2022-01-09,193.84
TX311360,PROD201602,CUST100203,2024-04-29,183.09
TX304929,PROD200480,CUST100958,2024-03-08,115.07
TX300553,PROD201149,CUST100083,2023-09-24,77.16
TX302725,PROD200222,CUST100288,2024-10-28,7.44
TX305200,PROD201561,CUST100377,2024-08-03,65.38
TX304512,PROD201398,CUST101089,2023-12-25,245.15
TX309831,PROD200822,CUST100463,2021-11-01,87.01
TX301429,PROD200707,CUST101301,2023-02-22,162.52
TX302346,PROD201704,CUST101282,2021-08-01,92.77
TX306543,PROD200292,CUST101191,2021-12-15,23.95
TX302449,PROD201641,CUST101467,2021-12-01,129.33
TX301966,PROD201032,CUST100755,2022-02-24,297.74
TX307392,PROD200672,CUST100485,2022-08-20,123.51
TX307959,PROD200380,CUST101406,2024-03-27,103.41
TX308584,PROD200072,CUST100277,2022-11-16,174.03
TX302543,PROD200161,CUST100725,2024-10-30,110.78
TX302393,PROD201085,CUST101498,2024-10-06,74.63
TX303830,PROD200902,CUST100796,2023-02-27,117.61
TX302267,PROD201390,CUST100039,2024-03-12,270.57
TX303321,PROD200701,CUST100616,2021-06-09,47.1
TX305450,PROD200980,CUST101436,2024-04-26,43.67
TX305898,PROD200303,CUST100501,2024-07-17,227.47
TX302906,PROD200647,CUST100078,2021-02-14,60.35
TX311176,PROD200027,CUST101368,2023-01-09,43.61
TX311585,PROD201069,CUST100510,2024-06-28,76.8
TX309170,PROD201357,CUST100764,2022-06-19,265.38
TX311945,PROD201037,CUST100447,2021-11-03,282.38
TX305098,PROD201603,CUST100318,2022-08-07,280.15
TX303885,PROD201376,CUST100743,2021-10-29,97.59
TX303059,PROD200557,CUST100477,2021-04-06,272.2
TX305321,PROD201774,CUST100316,2022-10-04,23.68
TX303674,PROD201315,CUST100765,2024-04-29,147.15
TX303111,PROD200749,CUST100638,2023-08-02,167.88
TX310724,PROD201576,CUST100002,2022-10-09,137.55
TX307826,PROD200058,CUST100931,2024-08-15,293.65
TX308981,PROD200463,CUST100799,2021-08-02,227.48
TX303272,PROD200930,CUST101132,2021-12-01,145.86
TX306176,PROD201560,CUST100543,2023-09-26,221.14
TX304836,PROD201067,CUST100786,2023-08-10,229.94
TX304070,PROD201371,CUST100472,2021-01-26,38.1
TX300939,PROD200849,CUST101141,2022-02-25,100.1
TX303570,PROD200252,CUST100360,2022-07-29,101.62
TX309962,PROD201368,CUST100887,2023-05-10,283.26
TX311368,PROD200574,CUST101478,2023-11-05,256.79
TX309188,PROD201686,CUST100323,2021-02-14,93.67
TX311811,PROD200512,CUST101137,2022-08-04,296.5
TX300413,PROD201284,CUST100532,2023-03-08,26.4
TX303474,PROD201151,CUST100244,2023-07-03,103.53
TX308883,PROD201250,CUST101285,2021-06-18,64.36
TX306713,PROD201378,CUST100423,2022-08-30,158.61
TX308534,PROD200875,CUST101268,2022-06-24,271.93
TX303437,PROD200591,CUST101078,2021-07-11,237.42
TX307131,PROD201421,CUST100165,2023-03-14,15.99
TX308179,PROD201429,CUST100280,2024-03-07,78.28
TX305859,PROD200150,CUST100634,2023-10-05,234.4
TX302902,PROD201748,CUST100772,2023-01-15,87.65
TX309314,PROD200003,CUST100173,2021-07-01,246.31
TX302021,PROD200429,CUST100106,2023-01-09,188.67
TX307488,PROD201195,CUST100933,2024-08-27,210.67
TX301343,PROD200609,CUST100628,2024-04-23,215.7
TX305153,PROD201338,CUST100914,2022-03-09,175.17
TX311570,PROD200627,CUST100304,2021-12-27,59.41
TX305868,PROD201515,CUST100393,2023-09-22,244.45
TX300067,PROD200649,CUST101308,2022-08-20,171.31
TX305409,PROD200581,CUST101203,2022-11-10,217.89
TX304236,PROD200643,CUST100591,2021-09-30,12.74
TX300662,PROD200881,CUST101407,2021-11-20,58.57
TX309889,PROD201411,CUST100017,2024-01-12,171.77
TX300631,PROD201282,CUST100043,2021-06-09,241.39
TX305065,PROD201173,CUST100356,2022-09-27,111.6
TX308787,PROD200644,CUST100000,2022-01-29,226.63
TX305031,PROD200274,CUST100223,2022-02-20,5.45
TX306595,PROD200377,CUST100705,2022-04-13,18.17
TX304094,PROD201729,CUST101337,2023-02-20,208.11
TX302121,PROD201068,CUST100524,2024-04-14,296.26
TX304047,PROD201517,CUST100758,2022-01-28,98.15
TX303242,PROD201313,CUST101092,2021-10-10,104.17
TX311088,PROD200808,CUST101071,2024-07-30,105.34
TX311436,PROD201781,CUST100092,2023-06-16,176.06
TX309101,PROD200408,CUST100470,2024-10-06,121.37
TX310428,PROD200075,CUST100057,2023-07-18,112.42
TX301622,PROD201078,CUST100941,2022-09-13,231.33
TX305480,PROD201535,CUST100222,2023-10-28,5.56
TX311994,PROD200468,CUST100834,2021-12-04,261.84
TX301884,PROD200106,CUST100787,2021-07-10,223.62
TX307568,PROD200748,CUST100032,2024-06-22,287.24
TX309460,PROD200834,CUST100630,2024-03-09,253.14
TX302504,PROD200652,CUST101165,2022-01-31,239.15
TX308435,PROD200524,CUST100738,2024-07-09,91.4
TX301593,PROD200899,CUST100311,2022-07-30,235.33
TX310080,PROD200092,CUST100943,2024-07-22,181.21
TX303998,PROD201642,CUST100106,2022-07-02,108.08
TX308440,PROD201296,CUST100847,2021-04-21,243.93
TX306821,PROD200646,CUST100401,2024-01-30,149.41
TX308987,PROD200238,CUST100730,2023-11-25,295.38
TX308539,PROD200452,CUST101473,2022-01-21,217.9
TX311402,PROD201376,CUST101128,2023-01-04,264.55
TX302789,PROD201153,CUST100773,2022-09-02,270.91
TX309020,PROD200764,CUST100067,2023-02-02,177.57
TX306792,PROD200556,CUST101479,2021-04-23,268.33
TX305752,PROD201575,CUST100656,2022-11-26,181.25
TX308500,PROD200999,CUST100409,2022-04-22,155.89
TX304752,PROD200237,CUST100614,2024-05-03,298.54
TX306669,PROD201709,CUST100235,2021-11-27,210.34
TX310995,PROD201697,CUST100936,2023-12-09,208.73
TX306147,PROD200398,CUST100397,2023-05-12,296.55
TX301192,PROD201312,CUST101114,2023-01-03,190.57
TX305951,PROD200074,CUST100688,2022-01-03,5.84
TX304290,PROD201458,CUST100144,2021-02-06,204.5
TX306974,PROD200766,CUST100846,2022-02-25,190.5
TX307831,PROD201113,CUST101283,2024-09-12,219.69
TX307874,PROD200152,CUST100730,2024-09-14,292.54
TX303502,PROD201304,CUST101461,2023-03-20,222.44
TX302671,PROD200236,CUST100827,2021-03-20,298.36
TX308644,PROD200550,CUST101452,2022-05-03,237.45
TX309620,PROD200617,CUST100729,2024-09-16,294.09
TX308560,PROD201503,CUST101149,2023-12-27,133.4
TX310004,PROD201129,CUST100616,2022-07-18,77.63
TX304934,PROD201248,CUST100614,2022-05-06,167.63
TX301411,PROD200242,CUST100607,2023-10-02,267.07
TX306925,PROD200251,CUST100290,2021-08-01,258.59
TX309872,PROD201687,CUST101077,2021-02-04,202.63
TX301832,PROD201787,CUST100854,2023-06-11,124.06
TX301100,PROD200405,CUST100936,2023-05-07,86.18
TX308999,PROD201331,CUST100310,2021-09-18,12.41
TX308467,PROD201699,CUST100717,2022-05-19,128.16
TX302700,PROD201744,CUST100229,2023-04-28,153.45
TX307534,PROD200970,CUST100898,2022-09-22,294.72
TX306392,PROD200120,CUST101146,2022-11-21,172.42
TX301760,PROD201344,CUST100725,2022-07-08,175.68
TX304071,PROD201074,CUST100113,2024-10-30,142.38
TX300037,PROD201359,CUST100555,2024-04-11,9.29
TX300089,PROD201356,CUST100094,2021-07-06,89.57
TX305856,PROD201353,CUST100741,2024-03-31,198.94
TX305135,PROD200700,CUST101448,2021-07-19,213.91
TX311651,PROD201485,CUST101120,2023-04-14,285.39
TX309379,PROD200116,CUST100622,2024-09-26,147.07
TX305487,PROD201654,CUST100328,2024-04-21,208.05
TX305448,PROD201729,CUST100597,2022-12-18,240.01
TX310462,PROD200371,CUST100088,2022-05-03,228.72
TX305629,PROD200470,CUST100493,2023-12-05,42.1
TX309913,PROD201415,CUST100789,2021-12-24,267.69
TX311365,PROD201234,CUST100143,2023-07-24,227.15
TX311005,PROD200864,CUST100301,2023-03-17,202.48
TX309578,PROD200208,CUST101103,2024-04-10,47.49
TX311357,PROD201338,CUST101037,2021-08-15,283.26
TX302978,PROD201708,CUST101354,2022-11-26,205.58
TX302914,PROD200479,CUST100475,2021-12-20,61.18
TX305499,PROD200895,CUST101471,2023-07-22,177.69
TX300894,PROD201409,CUST101348,2024-09-06,48.72
TX300066,PROD200740,CUST100077,2023-02-15,21.22
TX305821,PROD200269,CUST101120,2024-06-11,214.94
TX310407,PROD200023,CUST100717,2023-05-27,222.5
TX303990,PROD200202,CUST100029,2024-10-23,157.03
TX311007,PROD201615,CUST100864,2022-07-02,49.17
TX308742,PROD200897,CUST101044,2022-12-03,101.44
TX303286,PROD201455,CUST100589,2024-10-17,35.9
TX305079,PROD201165,CUST101025,2023-10-30,71.89
TX305335,PROD200903,CUST101078,2024-10-19,24.43
TX308499,PROD200322,CUST101264,2024-08-13,200.64
TX301706,PROD201466,CUST100510,2022-06-05,234.62
TX308845,PROD200526,CUST100575,2024-03-29,157.61
TX306321,PROD201046,CUST100165,2024-04-14,199.88
TX307029,PROD200176,CUST100665,2022-05-23,49.34
TX301107,PROD201548,CUST101017,2022-03-02,272.87
TX300410,PROD200927,CUST100873,2022-01-30,180.28
TX309215,PROD200810,CUST101446,2023-01-29,41.74
TX307722,PROD201792,CUST100321,2024-02-27,162.56
TX301508,PROD200619,CUST100303,2024-08-26,140.31
TX302471,PROD200141,CUST101395,2023-01-26,261.08
TX302674,PROD200678,CUST101327,2023-10-16,226.16
TX306407,PROD201125,CUST100805,2024-10-30,33.67
TX311318,PROD201752,CUST100570,2024-04-26,196.17
TX307838,PROD201153,CUST101223,2021-06-25,20.74
TX304529,PROD200124,CUST100560,2023-10-10,151.26
TX304826,PROD201014,CUST100903,2023-11-21,251.57
TX311721,PROD201513,CUST100793,2023-08-11,60.55
TX304656,PROD200185,CUST100822,2022-04-06,195.95
TX303865,PROD200126,CUST101010,2023-03-31,124.85
TX306876,PROD200873,CUST100834,2022-12-31,38.94
TX304596,PROD201389,CUST101130,2023-07-13,266.45
TX309859,PROD201002,CUST100738,2021-07-10,217.32
TX311187,PROD201520,CUST100932,2022-04-03,83.79
TX305006,PROD201754,CUST100894,2021-12-12,64.25
TX309898,PROD201344,CUST100132,2023-07-09,110.45
TX305464,PROD200565,CUST101269,2024-05-02,215.8
TX302568,PROD201724,CUST100831,2023-04-06,275.07
TX304521,PROD200529,CUST101236,2023-10-08,157.0
TX305422,PROD201759,CUST100169,2023-01-01,5.98
TX302352,PROD200970,CUST100838,2023-06-22,9.02
TX311114,PROD200459,CUST100884,2022-04-10,77.24
TX305743,PROD201517,CUST101230,2024-04-23,236.06
TX311806,PROD201482,CUST100097,2021-08-10,54.59
TX303567,PROD201670,CUST101129,2022-04-10,174.99
TX304885,PROD201703,CUST100590,2024-01-29,13.56
TX304764,PROD200338,CUST100521,2022-05-03,100.14
TX308181,PROD200961,CUST100548,2022-09-09,199.78
TX310073,PROD200016,CUST101272,2022-03-03,205.83
TX310430,PROD200823,CUST100311,2021-05-25,10.27
TX302084,PROD201381,CUST101100,2023-01-26,56.87
TX302677,PROD201373,CUST100756,2022-01-18,73.06
TX310487,PROD200737,CUST101049,2021-11-01,80.57
TX304755,PROD200668,CUST100098,2022-09-19,110.81
TX301281,PROD201759,CUST101167,2022-11-29,236.83
TX302253,PROD201028,CUST101015,2023-05-15,35.56
TX308053,PROD200647,CUST100294,2022-05-28,72.99
TX311454,PROD201366,CUST100780,2022-04-27,147.96
TX300623,PROD200514,CUST101341,2023-04-10,235.11
TX303145,PROD200527,CUST100192,2023-07-31,232.37
TX310572,PROD200104,CUST100464,2024-09-07,37.1
TX309138,PROD200340,CUST101159,2022-06-02,162.8
TX311898,PROD201181,CUST100984,2022-05-09,196.52
TX303922,PROD200747,CUST100781,2024-10-27,133.57
TX305782,PROD200979,CUST100707,2021-09-10,256.5
TX309905,PROD200907,CUST100900,2023-02-08,37.47
TX309687,PROD201204,CUST101176,2021-03-29,170.36
TX308267,PROD201508,CUST101069,2023-03-26,216.3
TX302301,PROD201323,CUST101176,2022-10-21,294.41
TX302705,PROD201621,CUST101293,2023-09-03,7.9
TX307549,PROD201679,CUST101129,2024-10-25,218.47
TX305081,PROD200823,CUST101161,2021-01-22,105.56
TX302950,PROD200985,CUST100157,2022-07-27,224.84
TX305355,PROD200356,CUST101013,2024-04-02,160.43
TX310737,PROD200026,CUST101177,2022-05-19,235.11
TX302646,PROD200487,CUST100983,2022-10-15,53.6
TX306632,PROD201350,CUST100990,2021-08-30,274.83
TX304249,PROD200526,CUST100303,2024-02-10,119.38
TX309826,PROD201499,CUST100733,2021-01-22,242.03
TX310596,PROD201674,CUST101182,2022-03-20,91.35
TX302979,PROD200431,CUST101211,2022-05-10,44.84
TX301289,PROD200691,CUST100214,2023-09-15,106.19
TX306038,PROD201760,CUST100268,2022-05-18,204.04
TX304312,PROD201754,CUST100423,2024-07-13,276.36
TX300509,PROD201577,CUST100369,2024-01-10,151.6
TX306061,PROD201488,CUST100884,2024-10-12,103.45
TX304564,PROD201076,CUST100959,2024-01-07,279.9
TX307141,PROD201774,CUST100241,2023-07-07,223.43
TX303653,PROD200156,CUST100153,2023-01-15,138.4
TX309698,PROD200722,CUST101315,2022-06-13,197.56
TX311714,PROD200930,CUST101314,2023-03-23,80.14
TX301666,PROD201056,CUST100824,2024-03-15,151.88
TX303727,PROD200479,CUST101358,2024-07-25,123.06
TX305089,PROD201184,CUST101150,2023-07-22,77.48
TX311662,PROD200121,CUST101339,2024-04-06,31.1
TX304503,PROD200341,CUST101327,2021-11-23,72.32
TX308723,PROD200361,CUST100656,2021-06-28,240.7
TX303408,PROD201649,CUST100984,2022-09-03,229.16
TX310504,PROD200507,CUST100612,2024-04-21,134.26
TX307191,PROD200889,CUST100777,2023-07-27,264.88
TX306130,PROD200076,CUST100033,2021-08-29,51.62
TX304154,PROD201214,CUST100609,2024-04-13,221.62
TX307794,PROD201039,CUST100357,2021-07-07,230.03
TX308401,PROD201132,CUST100141,2024-09-29,24.8
TX306875,PROD201475,CUST101274,2023-01-22,260.4
TX311608,PROD201309,CUST100908,2021-05-17,233.38
TX306784,PROD201128,CUST100422,2022-06-17,142.02
TX302313,PROD201292,CUST101082,2022-10-14,150.86
TX307645,PROD200043,CUST101172,2024-09-04,177.33
TX304701,PROD200261,CUST100457,2024-04-08,146.2
TX301458,PROD201390,CUST100148,2022-02-28,21.12
TX306578,PROD201390,CUST100741,2024-01-14,132.19
TX307857,PROD201582,CUST100837,2021-03-15,260.15
TX309851,PROD201745,CUST101370,2023-12-09,162.66
TX310601,PROD200735,CUST100620,2024-02-07,77.18
TX302721,PROD200700,CUST100444,2022-06-16,272.85
TX311789,PROD201588,CUST100588,2023-06-18,130.81
TX300389,PROD201096,CUST100720,2024-03-23,59.28
TX309994,PROD201743,CUST100531,2021-10-06,180.67
TX303521,PROD201699,CUST100241,2022-01-24,56.38
TX306689,PROD200971,CUST101221,2023-09-01,189.06
TX306294,PROD201612,CUST100236,2021-11-08,204.82
TX310328,PROD200259,CUST100244,2021-08-21,61.79
TX307910,PROD201490,CUST101366,2023-05-07,97.79
TX302864,PROD200314,CUST100552,2023-03-15,178.45
TX309518,PROD201228,CUST101429,2023-10-28,69.9
TX304314,PROD201384,CUST100099,2023-12-05,247.37
TX302538,PROD200094,CUST101442,2021-03-31,220.75
TX305015,PROD201334,CUST100518,2023-07-26,56.73
TX311656,PROD201196,CUST101254,2022-10-12,178.78
TX304504,PROD200198,CUST100426,2024-06-24,173.94
TX306432,PROD200976,CUST100087,2024-10-22,115.16
TX303543,PROD200072,CUST101255,2022-04-29,198.82
TX305793,PROD201319,CUST101120,2022-01-21,131.73
TX304935,PROD201136,CUST101300,2021-02-26,136.06
TX300275,PROD201669,CUST100565,2021-04-19,121.28
TX306312,PROD200164,CUST100783,2022-08-22,174.32
TX306685,PROD201400,CUST100684,2021-01-13,5.32
TX300378,PROD201325,CUST101392,2024-06-14,182.28
TX303846,PROD200797,CUST100496,2023-01-22,40.3
TX302971,PROD200732,CUST100619,2022-09-04,72.03
TX309919,PROD200714,CUST101232,2024-01-29,244.9
TX307659,PROD200252,CUST101056,2023-09-04,72.0
TX305547,PROD200407,CUST101055,2023-01-10,188.03
TX306867,PROD201708,CUST100502,2022-12-31,79.69
TX301808,PROD201364,CUST101214,2023-07-04,298.69
TX308790,PROD200451,CUST100191,2023-03-18,294.66
TX305949,PROD201697,CUST101113,2021-09-27,102.93
TX311045,PROD201597,CUST100054,2021-07-07,273.92
TX306652,PROD201540,CUST100308,2021-02-05,273.65
TX308665,PROD200767,CUST101371,2022-07-17,65.22
TX300706,PROD201094,CUST101140,2023-02-23,115.81
TX307666,PROD200899,CUST101443,2022-12-10,60.58
TX308014,PROD201215,CUST100095,2022-04-24,72.44
TX309350,PROD200664,CUST101480,2022-12-09,160.29
TX309116,PROD200543,CUST100324,2021-04-28,153.15
TX304104,PROD201510,CUST100730,2021-08-04,138.26
TX311071,PROD200625,CUST101222,2021-06-07,63.66
TX302872,PROD201100,CUST100941,2024-01-10,162.37
TX310169,PROD200279,CUST100524,2022-12-14,284.22
TX302341,PROD200338,CUST101096,2021-06-04,111.16
TX301763,PROD200966,CUST101043,2023-02-26,207.82
TX306036,PROD200536,CUST100578,2021-01-19,73.02
TX302395,PROD200580,CUST100255,2022-12-06,226.96
TX305679,PROD200351,CUST101333,2023-09-30,174.94
TX310929,PROD201060,CUST101333,2024-01-24,275.7
TX303693,PROD200168,CUST100380,2022-04-28,28.0
TX304814,PROD201742,CUST100037,2024-09-27,198.69
TX303809,PROD200660,CUST100976,2024-04-03,129.32
TX304777,PROD201051,CUST100660,2021-08-26,114.0
TX311985,PROD201653,CUST100146,2024-01-31,103.27
TX308037,PROD201188,CUST100925,2024-01-28,271.22
TX301354,PROD200763,CUST100867,2023-03-07,79.52
TX304965,PROD201223,CUST101130,2024-07-01,191.31
TX304079,PROD200182,CUST100463,2022-06-18,12.74
TX305414,PROD201047,CUST100196,2021-05-24,289.2
TX304828,PROD200524,CUST101411,2022-10-19,241.59
TX301276,PROD201261,CUST100049,2021-12-25,208.41
TX306489,PROD200424,CUST100995,2023-08-18,158.05
TX303372,PROD201435,CUST100245,2022-11-24,111.21
TX310434,PROD201665,CUST100234,2022-08-12,133.53
TX311016,PROD201158,CUST101137,2021-02-02,199.47
TX307496,PROD200023,CUST100263,2022-09-18,155.08
TX308111,PROD201172,CUST100780,2023-10-14,268.6
TX311903,PROD200044,CUST101257,2021-05-17,100.82
TX307588,PROD201206,CUST101210,2022-05-13,259.64
TX300675,PROD201543,CUST100809,2023-11-12,93.76
TX300158,PROD201022,CUST101160,2023-09-06,47.78
TX304722,PROD200460,CUST100590,2021-10-07,42.54
TX300799,PROD201223,CUST100080,2021-05-03,83.38
TX305216,PROD200541,CUST100846,2022-12-17,275.54
TX307422,PROD201787,CUST100582,2021-04-29,241.13
TX310425,PROD201243,CUST101253,2022-10-23,221.93
TX310793,PROD201378,CUST100370,2023-09-09,95.41
TX305221,PROD200270,CUST101338,2022-01-06,68.88
TX306999,PROD200654,CUST100668,2024-07-14,111.7
TX306883,PROD201319,CUST100481,2023-06-11,202.09
TX304237,PROD200572,CUST100930,2021-10-14,52.88
TX309855,PROD200105,CUST100178,2021-06-30,160.87
TX304758,PROD200249,CUST100996,2024-06-27,113.76
TX311552,PROD201574,CUST100443,2023-10-18,229.13
TX309726,PROD201536,CUST101471,2024-06-05,194.98
TX308809,PROD201736,CUST100400,2021-09-25,49.03
TX301517,PROD200713,CUST100783,2022-06-28,96.14
TX310922,PROD201760,CUST101194,2024-09-11,243.34
TX306264,PROD200412,CUST100695,2021-05-21,266.71
TX305812,PROD200897,CUST100343,2022-11-15,155.77
TX307942,PROD201339,CUST100339,2021-10-01,249.0
TX303879,PROD200323,CUST100030,2021-04-25,67.13
TX311802,PROD200703,CUST100564,2023-09-26,124.79
TX304298,PROD200855,CUST100574,2022-02-01,194.82
TX310520,PROD201563,CUST101214,2022-01-16,13.19
TX309982,PROD201352,CUST100947,2023-06-26,161.22
TX301925,PROD200588,CUST101484,2024-01-06,256.56
TX302658,PROD200320,CUST101000,2021-03-29,66.97
TX303460,PROD200871,CUST100210,2024-08-21,8.48
TX303904,PROD201242,CUST100326,2021-05-11,196.06
TX302268,PROD201151,CUST100302,2023-11-10,199.88
TX310482,PROD201479,CUST100395,2022-12-24,76.59
TX305758,PROD200017,CUST101005,2024-10-16,101.29
TX306380,PROD200419,CUST101436,2022-09-12,106.48
TX309054,PROD201701,CUST101057,2024-08-10,29.58
TX310132,PROD201245,CUST100416,2024-06-06,224.52
TX311989,PROD200778,CUST100574,2022-08-21,68.24
TX301685,PROD200954,CUST101479,2022-08-17,232.71
TX307882,PROD200855,CUST100396,2022-05-04,197.16
TX300151,PROD200569,CUST101224,2024-06-07,35.6
TX309232,PROD200376,CUST100895,2024-06-13,225.65
TX311840,PROD201725,CUST100514,2021-02-04,47.42
TX305249,PROD200072,CUST100094,2024-04-03,199.19
TX310172,PROD201399,CUST100407,2024-07-14,27.89
TX302995,PROD201084,CUST100659,2022-05-07,176.3
TX301818,PROD200403,CUST101121,2021-07-17,136.05
TX305675,PROD201652,CUST101026,2023-02-13,159.62
TX310969,PROD200137,CUST101267,2021-03-03,225.84
TX309243,PROD201692,CUST100972,2021-09-07,222.8
TX309759,PROD201717,CUST100554,2024-09-15,18.42
TX311868,PROD200482,CUST101450,2023-09-12,53.17
TX306196,PROD201503,CUST101165,2021-12-04,294.69
TX302237,PROD201420,CUST100852,2021-03-17,134.6
TX301302,PROD201161,CUST100831,2024-04-24,247.39
TX308776,PROD200807,CUST101423,2022-10-03,167.46
TX300762,PROD201217,CUST101227,2022-07-19,233.11
TX300971,PROD201580,CUST101382,2022-04-07,25.88
TX301023,PROD200446,CUST101089,2022-07-23,152.97
TX308844,PROD200537,CUST101294,2023-08-13,226.95
TX305519,PROD200176,CUST100490,2023-01-30,127.5
TX308306,PROD200983,CUST100412,2024-10-12,216.01
TX311438,PROD201031,CUST101461,2024-11-10,250.15
TX311491,PROD200045,CUST100806,2023-06-04,245.23
TX304686,PROD201123,CUST101352,2023-12-19,65.6
TX306296,PROD200201,CUST100516,2021-11-20,272.65
TX300123,PROD200838,CUST101462,2022-04-23,176.76
TX304847,PROD201154,CUST100533,2021-02-12,59.1
TX303475,PROD200269,CUST100759,2023-02-23,238.83
TX304000,PROD201412,CUST100161,2022-08-17,80.04
TX304143,PROD201439,CUST101171,2024-02-24,103.19
TX308927,PROD200357,CUST100677,2024-06-03,127.81
TX309465,PROD200622,CUST100334,2021-09-09,154.1
TX303739,PROD201642,CUST101252,2024-03-10,55.86
TX307157,PROD201695,CUST100134,2023-11-11,255.75
TX305827,PROD200860,CUST100286,2021-11-10,246.85
TX300717,PROD200680,CUST100503,2023-05-19,94.96
TX307179,PROD200001,CUST101169,2022-10-23,291.23
TX302738,PROD201150,CUST100986,2024-06-06,22.39
TX306060,PROD201392,CUST100585,2021-12-04,41.05
TX305071,PROD201640,CUST100096,2021-10-06,230.98
TX310066,PROD200856,CUST100639,2021-03-31,76.55
TX303752,PROD200564,CUST100730,2023-05-10,66.54
TX305212,PROD200391,CUST100439,2022-11-02,11.61
TX309668,PROD201775,CUST100254,2024-09-15,102.06
TX304933,PROD201754,CUST100832,2022-04-29,27.14
TX304130,PROD200635,CUST101126,2021-08-04,193.13
TX309148,PROD200397,CUST101037,2023-01-09,6.84
TX304463,PROD200563,CUST100989,2022-02-04,133.8
TX300028,PROD200548,CUST100302,2022-08-24,266.24
TX306529,PROD200741,CUST101424,2023-01-16,171.57
TX305271,PROD200907,CUST101049,2023-05-08,102.24
TX302754,PROD201698,CUST100981,2021-11-12,36.97
TX302905,PROD200595,CUST101059,2023-04-25,286.52
TX306919,PROD200620,CUST101260,2024-03-17,10.41
TX306986,PROD201723,CUST101101,2023-12-01,152.42
TX300402,PROD201075,CUST101327,2023-02-06,113.73
TX302745,PROD200528,CUST101221,2022-07-26,231.8
TX302397,PROD200935,CUST100278,2021-01-30,179.14
TX302254,PROD201141,CUST100223,2022-02-27,281.85
TX305338,PROD201153,CUST101476,2021-11-13,285.81
TX304949,PROD200147,CUST101250,2021-10-22,219.54
TX301872,PROD201420,CUST100925,2024-06-07,145.57
TX309901,PROD200016,CUST100110,2023-12-11,162.5
TX309349,PROD200050,CUST100227,2024-11-09,276.07
TX310051,PROD201003,CUST100419,2022-02-15,222.12
TX308326,PROD200678,CUST100223,2023-07-16,225.88
TX311280,PROD200893,CUST100079,2023-02-22,282.24
TX303322,PROD201593,CUST100148,2022-02-04,114.97
TX300842,PROD201355,CUST100367,2022-08-09,249.94
TX309755,PROD200246,CUST101440,2024-08-25,227.36
TX303123,PROD200242,CUST100697,2021-08-15,118.19
TX310283,PROD200226,CUST100690,2024-07-25,227.74
TX311483,PROD201451,CUST101458,2021-12-09,36.54
TX302930,PROD200962,CUST101106,2021-02-26,10.28
TX304837,PROD201400,CUST100128,2024-02-26,262.8
TX309845,PROD201480,CUST100497,2023-01-02,293.26
TX309254,PROD200283,CUST101165,2023-06-10,132.67
TX300835,PROD201095,CUST100443,2021-03-27,119.98
TX311009,PROD201529,CUST100682,2021-12-02,71.89
TX309364,PROD200638,CUST101471,2023-04-23,281.36
TX303873,PROD200282,CUST100112,2022-04-04,81.82
TX306401,PROD200422,CUST100391,2023-07-13,195.59
TX308045,PROD201484,CUST100108,2021-02-11,245.6
TX310469,PROD200815,CUST100441,2022-04-02,138.62
TX301875,PROD200146,CUST100045,2023-06-26,287.57
TX301723,PROD201633,CUST100805,2024-07-01,112.86
TX300355,PROD200133,CUST100400,2024-05-28,234.08
TX307127,PROD200799,CUST100420,2021-09-15,68.2
TX302822,PROD200731,CUST100405,2021-09-22,146.92
TX301242,PROD200716,CUST100627,2021-08-18,211.12
TX305577,PROD201295,CUST100049,2023-03-01,79.59
TX300469,PROD200538,CUST100135,2021-06-20,250.81
TX304524,PROD200972,CUST101131,2021-03-27,282.35
TX311703,PROD200883,CUST101466,2022-09-16,90.29
TX309109,PROD200747,CUST100875,2023-06-26,150.78
TX304572,PROD200159,CUST101254,2024-07-16,9.97
TX309152,PROD200780,CUST100363,2023-08-30,124.27
TX305116,PROD201391,CUST100161,2022-11-15,181.25
TX301229,PROD200346,CUST101357,2024-02-14,52.75
TX311471,PROD200430,CUST100684,2021-01-09,293.43
TX311325,PROD201742,CUST101295,2023-12-23,56.77
TX311959,PROD200187,CUST101352,2022-03-12,154.25
TX306478,PROD200328,CUST101335,2021-05-28,7.78
TX305840,PROD201173,CUST100027,2024-03-31,92.96
TX305559,PROD200327,CUST100584,2023-10-10,242.07
TX310101,PROD201572,CUST100697,2022-01-16,125.38
TX304091,PROD201060,CUST100670,2023-05-30,257.8
TX303783,PROD201050,CUST100283,2024-05-25,246.74
TX304332,PROD200148,CUST101021,2022-07-18,133.07
TX308589,PROD201128,CUST101007,2021-09-20,50.98
TX310999,PROD200931,CUST101008,2021-08-02,243.84
TX307350,PROD201635,CUST100416,2023-08-25,276.67
TX303982,PROD200009,CUST101388,2021-03-16,76.93
TX305087,PROD201453,CUST100403,2024-09-27,27.15
TX304970,PROD200242,CUST100586,2023-05-30,254.1
TX310906,PROD201538,CUST101355,2024-05-21,184.44
TX311912,PROD201131,CUST101451,2024-05-31,81.64
TX305852,PROD200546,CUST101130,2022-07-06,55.84
TX311815,PROD201501,CUST100043,2023-08-29,151.6
TX306808,PROD201180,CUST100575,2024-09-28,278.5
TX310313,PROD201358,CUST100994,2021-06-12,54.31
TX305883,PROD201608,CUST100075,2022-11-30,218.07
TX310661,PROD201463,CUST100200,2022-12-03,79.66
TX306124,PROD200396,CUST100855,2021-09-20,179.55
TX306930,PROD201590,CUST101068,2023-11-13,136.4
TX300005,PROD200882,CUST100793,2024-07-22,172.09
TX308342,PROD200742,CUST100320,2022-10-03,44.88
TX307749,PROD200686,CUST101253,2023-11-17,259.58
TX306314,PROD200620,CUST100225,2021-05-14,295.48
TX307358,PROD200350,CUST100698,2023-07-08,151.57
TX302461,PROD201491,CUST100384,2022-09-21,123.95
TX302024,PROD200805,CUST101182,2024-03-18,238.09
TX309494,PROD200772,CUST100975,2024-05-20,54.64
TX301483,PROD201430,CUST100933,2023-07-21,25.74
TX308079,PROD201780,CUST101158,2022-08-14,216.29
TX311411,PROD200420,CUST100393,2023-04-05,166.2
TX310838,PROD200359,CUST100662,2022-02-17,191.42
TX305836,PROD200701,CUST101351,2021-08-03,13.51
TX310965,PROD200445,CUST100981,2021-01-20,259.71
TX307050,PROD200227,CUST100333,2023-09-24,201.91
TX306706,PROD201014,CUST100159,2021-09-27,38.06
TX302387,PROD200564,CUST100499,2022-05-13,199.99
TX311887,PROD200818,CUST100685,2021-03-07,294.11
TX305776,PROD200889,CUST100154,2021-05-06,80.9
TX305347,PROD201055,CUST100871,2022-03-04,283.43
TX309177,PROD200637,CUST101076,2024-03-01,288.14
TX301628,PROD201445,CUST100014,2022-10-12,253.26
TX307380,PROD200278,CUST100637,2021-01-13,149.17
TX300756,PROD200638,CUST100564,2022-03-06,136.62
TX300652,PROD200254,CUST101440,2023-04-19,111.76
TX300109,PROD200162,CUST101203,2021-07-20,236.84
TX303432,PROD201443,CUST101401,2021-11-29,49.51
TX310048,PROD200204,CUST100578,2022-06-09,162.24
TX306678,PROD200218,CUST100917,2021-02-02,166.25
TX311512,PROD200548,CUST100617,2024-11-04,279.7
TX308043,PROD201366,CUST101350,2023-09-17,273.03
TX304484,PROD201404,CUST100089,2024-08-07,147.39
TX302070,PROD201040,CUST100793,2022-10-05,181.44
TX302161,PROD201552,CUST101157,2022-10-13,213.53
TX306286,PROD200895,CUST101186,2023-03-30,165.26
TX301196,PROD200991,CUST100453,2023-09-30,88.59
TX300714,PROD201457,CUST100442,2021-02-25,51.92
TX307359,PROD201197,CUST100215,2023-01-10,171.03
TX304105,PROD200560,CUST100256,2022-07-19,133.87
TX302209,PROD201172,CUST100611,2021-05-20,84.76
TX306933,PROD200502,CUST100475,2021-12-18,106.65
TX304741,PROD201282,CUST100218,2024-04-07,17.52
TX311170,PROD200216,CUST101403,2024-05-04,168.74
TX310648,PROD200561,CUST101381,2024-07-12,27.5
TX301448,PROD200056,CUST100731,2023-10-08,36.4
TX308830,PROD201545,CUST100664,2022-07-27,232.77
TX305289,PROD201453,CUST101003,2021-03-11,37.06
TX304581,PROD200100,CUST101218,2024-10-30,211.06
TX300163,PROD200177,CUST100782,2023-06-30,149.42
TX308606,PROD200636,CUST100977,2023-12-03,76.74
TX308604,PROD200895,CUST101411,2023-02-07,173.42
TX302431,PROD200725,CUST101219,2021-06-05,159.01
TX305660,PROD200742,CUST100820,2022-07-26,273.59
TX305231,PROD201561,CUST101146,2023-09-30,289.52
TX308646,PROD201012,CUST101039,2021-04-14,142.17
TX307098,PROD200040,CUST100099,2024-01-05,112.6
TX309111,PROD200378,CUST100993,2021-01-21,177.94
TX301970,PROD201360,CUST100230,2023-03-15,38.11
TX304864,PROD201767,CUST100648,2021-11-13,160.7
TX309043,PROD201042,CUST100454,2022-10-19,34.51
TX304583,PROD200882,CUST100376,2024-10-03,86.18
TX304049,PROD200823,CUST100842,2022-07-29,228.64
TX307664,PROD201657,CUST101123,2022-04-09,232.25
TX303663,PROD200928,CUST100272,2024-08-03,145.75
TX306757,PROD201055,CUST100740,2022-03-04,289.33
TX309957,PROD200644,CUST100879,2022-02-26,49.76
TX308264,PROD200492,CUST100719,2021-01-19,97.26
TX311095,PROD201063,CUST100340,2024-06-21,179.78
TX311658,PROD201151,CUST100924,2024-03-19,136.53
TX307015,PROD201416,CUST101430,2023-04-29,196.25
TX308518,PROD201751,CUST101214,2024-02-14,31.14
TX303725,PROD200892,CUST101364,2021-12-15,217.17
TX311023,PROD201097,CUST100969,2021-06-18,53.05
TX304058,PROD201654,CUST100848,2024-01-21,84.76
TX304161,PROD201376,CUST100289,2023-01-06,57.99
TX309556,PROD201186,CUST100460,2023-04-07,217.52
TX303471,PROD200357,CUST101477,2024-06-13,16.73
TX307464,PROD201602,CUST101394,2022-07-06,293.24
TX311941,PROD200838,CUST100457,2024-10-09,115.19
TX301151,PROD201611,CUST100978,2022-09-27,73.63
TX304903,PROD200501,CUST100437,2022-11-02,101.25
TX309622,PROD200679,CUST101216,2023-02-03,151.23
TX306230,PROD201275,CUST100839,2023-01-20,72.89
TX311183,PROD200079,CUST100678,2022-01-18,229.72
TX303207,PROD200653,CUST100082,2021-12-29,227.82
TX307980,PROD201779,CUST100163,2022-01-30,190.59
TX309560,PROD201641,CUST101099,2024-04-09,272.29
TX308329,PROD200741,CUST100113,2023-03-24,218.05
TX311626,PROD201763,CUST100890,2022-06-10,52.32
TX306445,PROD200375,CUST100632,2023-01-13,83.0
TX309083,PROD201693,CUST101055,2022-11-20,145.57
TX304593,PROD201284,CUST100047,2021-12-09,96.26
TX302572,PROD201483,CUST100077,2023-12-07,121.89
TX305293,PROD201275,CUST101135,2022-01-26,144.99
TX308931,PROD201454,CUST101481,2021-09-23,236.21
TX306975,PROD201457,CUST100069,2023-05-13,165.42
TX301506,PROD201418,CUST100062,2021-04-15,252.13
TX311260,PROD201608,CUST101349,2023-08-23,184.36
TX306985,PROD200979,CUST100560,2024-07-12,7.21
TX309330,PROD201499,CUST100043,2021-01-23,296.37
TX304179,PROD200238,CUST101204,2024-06-13,48.31
TX305907,PROD200232,CUST100658,2022-02-17,121.7
TX302945,PROD200445,CUST101143,2023-05-18,10.71
TX309544,PROD201570,CUST100258,2023-05-21,159.87
TX311640,PROD201750,CUST100150,2021-06-27,204.93
TX304842,PROD201085,CUST100132,2022-09-22,89.91
TX303678,PROD201782,CUST100914,2022-06-07,278.89
TX304076,PROD200217,CUST100237,2022-11-05,49.24
TX302953,PROD200711,CUST100855,2021-10-16,284.83
TX304759,PROD200764,CUST101106,2023-07-06,236.93
TX307472,PROD200488,CUST101118,2022-01-20,49.9
TX308832,PROD200652,CUST100321,2021-01-17,35.38
TX304938,PROD201535,CUST100277,2023-09-20,24.51
TX307754,PROD200764,CUST101030,2023-01-17,175.5
TX303384,PROD200289,CUST100131,2022-12-26,79.01
TX311991,PROD201782,CUST101278,2023-03-28,291.5
TX311203,PROD201295,CUST100105,2024-03-07,39.03
TX302242,PROD201022,CUST101224,2024-08-21,243.27
TX311532,PROD201508,CUST101459,2023-08-18,115.79
TX305942,PROD200035,CUST101253,2024-09-04,9.26
TX308080,PROD201213,CUST101480,2021-10-29,222.13
TX301649,PROD200815,CUST101439,2021-12-23,178.3
TX304915,PROD200431,CUST100483,2022-09-26,72.75
TX305777,PROD200455,CUST101097,2024-05-15,109.87
TX308121,PROD201135,CUST101497,2023-04-17,49.27
TX306409,PROD200738,CUST101099,2021-09-09,44.73
TX301150,PROD200181,CUST101449,2023-01-25,172.99
TX309840,PROD200190,CUST101019,2024-06-06,164.14
TX305150,PROD200327,CUST100753,2024-01-01,64.95
TX310765,PROD201296,CUST100245,2022-03-01,92.73
TX306895,PROD200372,CUST100834,2024-05-03,298.77
TX310045,PROD201556,CUST100355,2022-08-08,109.16
TX301717,PROD201792,CUST100594,2024-04-29,148.8
TX311209,PROD200124,CUST100514,2023-12-18,52.01
TX308156,PROD201226,CUST100233,2021-01-18,12.26
TX306107,PROD200016,CUST100460,2021-05-11,185.57
TX304772,PROD200779,CUST100832,2024-07-01,76.14
TX311068,PROD200418,CUST101406,2023-10-17,224.23
TX301442,PROD200224,CUST100075,2022-10-19,73.25
TX302092,PROD201520,CUST100309,2023-05-07,113.79
TX308090,PROD200769,CUST100523,2024-06-22,196.0
TX303328,PROD200901,CUST100206,2023-06-16,208.98
TX303303,PROD200657,CUST100009,2021-02-14,106.46
TX307670,PROD200684,CUST101232,2021-09-30,219.47
TX307627,PROD200176,CUST101472,2023-09-29,170.98
TX300906,PROD200641,CUST100264,2021-09-07,245.44
TX306934,PROD200955,CUST100252,2024-06-21,228.43
TX308690,PROD200736,CUST101437,2022-09-20,247.38
TX311926,PROD200641,CUST101363,2022-06-09,83.0
TX311472,PROD200420,CUST101221,2021-08-01,28.98
TX305434,PROD200275,CUST100626,2022-09-26,5.83
TX302168,PROD201482,CUST100605,2024-06-07,102.45
TX300173,PROD201067,CUST101435,2021-10-19,127.11
TX303043,PROD201605,CUST100091,2023-10-02,83.29
TX308188,PROD200420,CUST100858,2023-06-23,52.23
TX308961,PROD201758,CUST100631,2024-05-12,131.03
TX306658,PROD201220,CUST100122,2022-02-27,95.14
TX308770,PROD200577,CUST101463,2023-09-13,14.44
TX304096,PROD201578,CUST100793,2023-04-12,251.91
TX304093,PROD201664,CUST100762,2023-05-22,158.33
TX306168,PROD200520,CUST100535,2021-04-14,56.65
TX310403,PROD200299,CUST100322,2022-11-20,102.36
TX304364,PROD200394,CUST100462,2021-11-04,174.93
TX308558,PROD200548,CUST101390,2024-09-26,33.6
TX300420,PROD200514,CUST101252,2024-06-27,158.27
TX309565,PROD200583,CUST100497,2021-12-16,222.29
TX306579,PROD200619,CUST100505,2024-04-12,53.41
TX311836,PROD201479,CUST100307,2021-10-14,155.13
TX309527,PROD200578,CUST100758,2023-02-21,269.41
TX302192,PROD201528,CUST100836,2021-10-30,212.56
TX302609,PROD200349,CUST100789,2023-04-23,136.9
TX303178,PROD201223,CUST100263,2023-03-17,12.47
TX307589,PROD200964,CUST100497,2023-06-16,279.65
TX302463,PROD200950,CUST100770,2021-08-01,294.62
TX301395,PROD201616,CUST100646,2023-12-18,236.26
TX300358,PROD200992,CUST100580,2023-07-13,72.64
TX300922,PROD200672,CUST100015,2024-01-26,176.88
TX306663,PROD200823,CUST101089,2021-07-15,242.16
TX307239,PROD200903,CUST100347,2022-04-20,161.75
TX308869,PROD200905,CUST101021,2022-05-11,291.18
TX300788,PROD201536,CUST100358,2021-08-23,180.96
TX309628,PROD200010,CUST101289,2023-10-17,6.73
TX300335,PROD200600,CUST101300,2023-10-23,92.69
TX303203,PROD201358,CUST100218,2023-09-20,298.74
TX311949,PROD201414,CUST100484,2024-03-21,294.35
TX302116,PROD201062,CUST100337,2023-12-14,277.25
TX304421,PROD201175,CUST101499,2021-04-12,65.65
TX305105,PROD200346,CUST100943,2021-11-20,79.97
TX302683,PROD200256,CUST101240,2021-12-03,183.54
TX307734,PROD201772,CUST100566,2024-06-14,15.25
TX310823,PROD201361,CUST100863,2021-12-14,267.86
TX308497,PROD200456,CUST100952,2022-03-29,149.5
TX300720,PROD200848,CUST100687,2022-03-03,220.64
TX309925,PROD201672,CUST101469,2022-07-03,185.98
TX307132,PROD200215,CUST100427,2021-02-01,111.46
TX306201,PROD200976,CUST100354,2023-08-04,271.37
TX307477,PROD200412,CUST101158,2021-04-11,77.12
TX310385,PROD201171,CUST100917,2021-12-22,156.12
TX301920,PROD201748,CUST100024,2022-05-13,129.11
TX300403,PROD201775,CUST101308,2023-04-03,216.94
TX300690,PROD201009,CUST101141,2024-07-14,213.66
TX302455,PROD200297,CUST100420,2023-05-02,138.11
TX306984,PROD200762,CUST100018,2021-02-14,102.49
TX301195,PROD200125,CUST101490,2024-02-07,66.53
TX302625,PROD201146,CUST100233,2022-04-21,18.81
TX308375,PROD201419,CUST100701,2021-03-21,134.83
TX308843,PROD200179,CUST101334,2023-08-06,5.82
TX305421,PROD200891,CUST100690,2022-08-14,109.16
TX300833,PROD200930,CUST100388,2022-01-23,290.71
TX300069,PROD201233,CUST100139,2023-04-26,197.49
TX311112,PROD200368,CUST100074,2023-01-30,127.06
TX309783,PROD200694,CUST101174,2021-07-22,283.61
TX311594,PROD200707,CUST101070,2023-11-01,298.57
TX307162,PROD200520,CUST100745,2024-02-06,234.11
TX301873,PROD201586,CUST100855,2024-09-09,94.75
TX304449,PROD200739,CUST100986,2023-06-29,266.33
TX305384,PROD200850,CUST100667,2022-11-29,238.32
TX310311,PROD201423,CUST100027,2021-06-12,196.55
TX300991,PROD201052,CUST100943,2023-03-02,143.3
TX309970,PROD200474,CUST100569,2023-08-28,84.49
TX309636,PROD200764,CUST100307,2024-03-31,92.84
TX310755,PROD201549,CUST100044,2023-09-04,157.82
TX300561,PROD201320,CUST100787,2022-12-10,153.88
TX302654,PROD201026,CUST100295,2022-01-31,138.49
TX306665,PROD201617,CUST100058,2022-07-29,239.68
TX300536,PROD201276,CUST100195,2021-03-08,78.58
TX310649,PROD200330,CUST100697,2021-07-19,41.37
TX305920,PROD200641,CUST101082,2021-02-18,55.57
TX301897,PROD201790,CUST101455,2021-07-11,187.89
TX307228,PROD201674,CUST100283,2023-02-02,14.43
TX308350,PROD201494,CUST100440,2021-03-03,96.96
TX304486,PROD201539,CUST101388,2023-02-20,55.31
TX307419,PROD200377,CUST100273,2024-03-29,12.94
TX309724,PROD201509,CUST101299,2022-04-03,283.29
TX303999,PROD201365,CUST100378,2022-06-06,112.37
TX306498,PROD200563,CUST101369,2021-04-02,270.79
TX300900,PROD200292,CUST100955,2023-08-21,147.05
TX311691,PROD201332,CUST100300,2023-06-09,291.17
TX309269,PROD200701,CUST100601,2021-10-23,46.03
TX308385,PROD200930,CUST100295,2024-07-23,114.49
TX303325,PROD200079,CUST100171,2021-09-22,78.33
TX304171,PROD201626,CUST101473,2023-08-19,225.95
TX300621,PROD200348,CUST100549,2023-02-04,76.71
TX310993,PROD200448,CUST100547,2023-04-15,170.1
TX300475,PROD200242,CUST100665,2023-08-23,60.76
TX310284,PROD201379,CUST100355,2023-04-02,24.7
TX304277,PROD201197,CUST100656,2022-09-24,267.43
TX310908,PROD201327,CUST100669,2024-01-30,232.62
TX309369,PROD201497,CUST101300,2024-01-09,239.19
TX309208,PROD201218,CUST101247,2022-02-04,299.15
TX302535,PROD200770,CUST100579,2022-09-21,255.97
TX302790,PROD200752,CUST100142,2021-08-04,25.6
TX310093,PROD200570,CUST100335,2022-07-18,88.4
TX301398,PROD201110,CUST100707,2021-12-15,126.94
TX308640,PROD201493,CUST101356,2022-08-30,284.92
TX309363,PROD200727,CUST100829,2023-07-29,11.12
TX302735,PROD201645,CUST100919,2024-03-13,222.9
TX309461,PROD201276,CUST100150,2023-06-27,24.4
TX309104,PROD201356,CUST100650,2024-06-14,55.88
TX309315,PROD200777,CUST100353,2023-02-23,77.51
TX305844,PROD201021,CUST100825,2023-11-03,136.2
TX301178,PROD201370,CUST100948,2022-04-22,271.77
TX311632,PROD201547,CUST100673,2024-03-14,258.17
TX301636,PROD201354,CUST100894,2023-11-28,98.32
TX303916,PROD201059,CUST100368,2024-05-14,295.46
TX307232,PROD201100,CUST101041,2021-02-09,23.05
TX311447,PROD201076,CUST101308,2024-04-09,22.39
TX306034,PROD200474,CUST101055,2022-12-19,146.9
TX306981,PROD201306,CUST100445,2024-10-08,105.39
TX306763,PROD201545,CUST100392,2022-05-01,261.57
